"RelativePath","SHA256","Bytes"
"output\metamodel\agent_goal_role_runtime_profile_decision.md","154B05DDF04E25B9D94E5C8FBCFC79849FCFF62FC893CE40AB7DD1729A0B89EB","17536"
"output\metamodel\archive_report_13_8.md","C2C8A36F6ED2F378EF71C779F8F148901A191DC4F54B232778278C73BE779900","1328"
"output\metamodel\backward_compatibility_check.md","B2377D566A06C8F42B441DE5F330A513E6CE4FCFAF8763F4CA9B66B4A1A70D94","11884"
"output\metamodel\capability_runtime_vivian_action_decision.md","BE5ABA7C93C7F9D87B892199DAD9FBDF32D1B85BFE5F72C6584D9FCCAF75A971","15362"
"output\metamodel\cardinality_table.md","E58183A3CA256C9EBB76EF11ABB17D4368F10C3121E483A81E1B04716A51EF34","12573"
"output\metamodel\case_study_mlds_agent_pipeline_tasklist.md","BA30151A0634A9EABB0FFACDCEA746E7F394762C01489DCFEEFD668670D1F46C","69988"
"output\metamodel\change_scope_13_1.md","D22C4ED291118EC8DA48EFC6929EEC77011BC9338C5B25342D4ED435A90ADAC5","5711"
"output\metamodel\common_concepts_A_B.md","3BCE902B521AB2ECC494831599D5F351B008116B1D7C488DA8E58E91BD0D703A","13628"
"output\metamodel\completeness_check_14_1.md","D2918159D207BD31905523571A271F18CEAACC789B0CF8B1AA577351A188355C","4922"
"output\metamodel\consistency_review_14_2.md","39E21A17557FA2342FC80D5F156758454C71738B95694E8004EEEF5E64B6551D","5646"
"output\metamodel\core_adaptation_criteria.md","B21553B322F95AD5387D2FD1ABD3F40DB4286F3553FB61C8C7A8180ACA67DD9F","9571"
"output\metamodel\diagram_spec_alignment.md","796A687311D11152006600669557900ACB49762224DE76591DE2E977272B3307","5985"
"output\metamodel\differences_A_B.md","57301724C622FCB2E7C8415C04CD07DA278A12CF3C44D3434042D036D605E65E","17509"
"output\metamodel\dynamic_functional_mlds_metamodel.mmd","AFD594DCA23584F41C01DE3CACFBFC2675238FBD77BE1BD6BACEBDE6C2D6FD7F","4076"
"output\metamodel\dynamic_functional_mlds_metamodel.png","3F5520BC816537E4A2AEABD059C4A144B6F3790E17F6FAB1A6851100B4AB0433","264718"
"output\metamodel\dynamic_functional_mlds_metamodel.svg","40AE80A6340B64F1F33DCA70ED48DB2A846F20D14C0FBAF89EA6B5494178551A","26309"
"output\metamodel\dynamic_functional_mlds_specification.md","FB889818A2C5ABB5E793E73B2DB08C32F54C8EE4ECC056C041F476E3E55465A2","18135"
"output\metamodel\edge_crossing_report_13_4.md","F4A77117AE26882A83D9412FF0A369FB36E3BC0CF099A68982E6BFE34CBE3480","2570"
"output\metamodel\entity_agent_scene_object_decision.md","4099B9C0684D8E85C7D9C3576C5C58BCAA99E10211EDE9475A219DD737847B29","13586"
"output\metamodel\example_scenarios_tasklist.md","82B480C97CDA8D175B9429F470AAE6A3A694F813C3B7F258ADEB570282BD22E4","27180"
"output\metamodel\extension_model_criteria.md","4726ADC2D3F6ABAB7865CFE1931441948C356E00E81EA29374B833D8EDE7F591","13018"
"output\metamodel\extension_models_specification.md","B3FDC617887B869B71BD400A281A48FF29E7316978CB8E0E5C3F22EAD3F79DBD","36921"
"output\metamodel\final_artifact_list_14_5.md","7BA72E87BD7F76771476C4C2239DF2B52D28A7BD96AC864194F0BB678268012A","24354"
"output\metamodel\final_cardinality_report_14_3.md","9FEACC64A65322CD5F0C761A945C71DFADDA703A8949149CA9CBA18AF89F22ED","9253"
"output\metamodel\functionalmlds_wizard_e2e_check_20260709.md","96A80642467ECFE95FA6F2F4FF75811D0A070BBC302E9D746176A68EA59818C8","3520"
"output\metamodel\gap_criteria_evaluation.md","515BB683EEC356716213EC7A6E8399FED495C5511F609474A3BBA83F18571284","15832"
"output\metamodel\glossary.md","5B79BAE6AFFC7BA50671005DEDC2C19BF1CAFCE7FD139B0542262A2FC533AC53","8918"
"output\metamodel\interaction_object_affordance_decision.md","AB545D4CBC6B05059B4D4DA2EBD9A02155F9F0A4E83F4727EF54A387A9E6B00F","18516"
"output\metamodel\invariants.md","3727DBCF0CCAB849D73C485B5E9C462D87EEF16211A089618E4F09000F2EEFD5","12355"
"output\metamodel\label_overlap_report_13_5.md","10E4B91420A73F90317D7374957444EBA71C3F3250A6D0C37255601BEE89BC52","2453"
"output\metamodel\metamodel_element_notes.md","8C44BC5424F5A756D90EE79F322483D4F2953F4389F0876A1B1403F4E1EFA90A","11134"
"output\metamodel\minimal_core_adaptations.md","FD00B7E333805640B0C825426009FA982C6960C2612F67290482D720A4BD1FE6","10966"
"output\metamodel\mlds_project_wizard_boundaries.md","A7C758E273458C1E811AF9D1F9733376AB9FFDBE8788EC7BF22868568320B8D2","5121"
"output\metamodel\mlds_project_wizard_current_state_inventory.md","883D0811374DFAD5E72736BC66631AA04C28BA2959A94DB0F235E42FEEBE7E5E","3396"
"output\metamodel\mlds_project_wizard_definition_of_done_audit.md","19F8F65540CD20F262068B3CC66B54027A3F9D11CE54139B03166A06D2D92149","22060"
"output\metamodel\mlds_project_wizard_functionalmlds_analyze_stage_plan.md","7E65CE2752A52D4DA3329C8F4439E6AB45423EBD7DF62E92B93271D699F9446F","3359"
"output\metamodel\mlds_project_wizard_functionalmlds_architecture_decision.md","27A3B90C28BDB7B3D607255CBD164B801FBA4CC54FD24DDE7EDE4A9F361EAE6E","3354"
"output\metamodel\mlds_project_wizard_functionalmlds_chat_refinement_decision.md","E9A1CAA5EC39AAF0AAF158753703502E85847C26C83678F230EA2EC803E831CD","2048"
"output\metamodel\mlds_project_wizard_functionalmlds_commit_stage_plan.md","85E9C78FC99291C5D14BAA5A41995F7C12DEE8556A9EFD0153A229A03BBFF946","3143"
"output\metamodel\mlds_project_wizard_functionalmlds_draft_model.md","EC0255801C9D87951B2CF0CAA1EEC9423FEABEE3FB1A4FCEE39869DE8858E19D","7131"
"output\metamodel\mlds_project_wizard_functionalmlds_pipeline_interfaces.md","7D115BF1FF66B10F6CFFAD2BE047E834D13C8D8C3B477ED3543BF5C1B97F50B3","5890"
"output\metamodel\mlds_project_wizard_functionalmlds_project_structure.md","BD8D803BECDDCD71CF748DDD905C112FE464152B282BE9636E0AF32ADCF23E7A","6106"
"output\metamodel\mlds_project_wizard_functionalmlds_tasklist.md","C88B23FFCF0129D49ABC50638FF5E674B9DC242709566D958A32DFFA973FD45D","91084"
"output\metamodel\mlds_project_wizard_legacy_flow.md","279F785492095DAE4E0A4513FE980EC3DD191D0294E18993010CDF51AB68F068","5053"
"output\metamodel\mlds_project_wizard_scientific_framing.md","EA5890F67D2F0AB13F78DAE650EFFECF8DC53B3FE74AB1F3AF5AF2F2A88D2BB9","10715"
"output\metamodel\mlds_project_wizard_user_workflow.md","B6C39D1A1C6B175F4B668D1349CC5168ED6E7330C0C3FDC0A7F61FEEE647E6C2","6795"
"output\metamodel\professor_argumentation_14_4.md","5A1225AE490ACF651C8EBDD942212A8C68F017476A1D8331AA718D904CBE9C06","15138"
"output\metamodel\runtime_log_format.md","0289F2D50B31E267DAC5AA11D384FDBA9C6468F567C0B0572F758357AB7E7320","2942"
"output\metamodel\spatial_relationship_decision.md","7915E9B7F6F2E8F28938BE4689AA4CF725C1266410BF12D0B511CBC472B50464","12776"
"output\metamodel\specification_update_report_13_7.md","B7AF42A5311D1ADC180600D9403412DE3E18E9B483767B36CDAD02B1DCDC72C2","3312"
"output\metamodel\state_assertion_object_state_decision.md","5B8AF7BE0832EEED1E407D68D1981A15DEED4D63435EB2C13B0C8CCCD4BC1F97","13053"
"output\metamodel\unity_functionalmlds_wizard_compile_check.log","D6A6454D2110F13D6680440CFD6CD262181749181BEE8F1BCFDD1120FF46F4FD","56177"
"output\metamodel\unity_legacy_compile_check.log","89CB9DD53871EE2CDD993CD634C5741747B508256F7C1C58D2E4686825EDC5E3","1161"
"output\metamodel\use_case_A_actor_instances.md","9FCBEC22C50FE1FB091839CB2DC396B75E24982E2FEAE55440E606174AE499EE","5679"
"output\metamodel\use_case_A_actors.md","EEFE2D6A3E790D206C6654D5D1D9D4FACF635B8E22B8CEE6D49444BF07175F53","5339"
"output\metamodel\use_case_A_alternative_scenario.md","DB1608B8CAADC9DD814D931FC4054B1A091F7FC57942944DCB07881137214547","4689"
"output\metamodel\use_case_A_alternatives_exceptions.md","347586CEC3B7D54A041E59B4B11F7C33C4C928956766308A57EEB604C27B301D","9896"
"output\metamodel\use_case_A_capability_instances.md","A81454F82B8634AA4598D7A433EE63ACE144511E68416580BAD73A31350EC6A5","6998"
"output\metamodel\use_case_A_capability_use_instances.md","B134B0BD2D11AE73A8CA8ECC110EFE15A0D53D793CFC4F0D82E064186F594EE2","6176"
"output\metamodel\use_case_A_cardinality_check.md","C53DEE5663138E5B182FA8265F017D5E5BBB00D30F3B5E9B9095D6639130C72D","12814"
"output\metamodel\use_case_A_condition_instances.md","CA9BF6305084BB55A2BB0650E7FEF004F5D900E47A8ADAFE0DCF28C523B04CD2","12251"
"output\metamodel\use_case_A_direct_modelability.md","0E6483CA8927E7B96DA811DCA32EEBE01C147F0C26CD8D654783E4469DD2EFE6","14894"
"output\metamodel\use_case_A_dynamic_changes.md","0CB3E23763506B610DE7835E0C152354BDF672D721EC874579893E5B4F6C4137","10548"
"output\metamodel\use_case_A_effect_instances.md","FF9B99DCD19CFA7F7E154FB028F39825DEC6C05614AC836A05E6932A3BCB3768","6171"
"output\metamodel\use_case_A_entities_agents.md","C47CC9D164ED0D777D940041B773AFC57D84E543885BA40DAA4874DE2E83B988","6871"
"output\metamodel\use_case_A_event_instances.md","EAB6A0AFCBA30EFB629F37B67CDAE3F496B610CA07423D31AB75152C5C80E06E","7058"
"output\metamodel\use_case_A_exception_scenario.md","8A2F2EFF35B9D342B2481B03D597512797D8D3C07DE0EBCE96935B2DD84B2C9C","5555"
"output\metamodel\use_case_A_gap_decision_matrix.md","B74F47A9067248FF525052F59DBBA8A9FEFA852CBE4577910075D0F176E8BBD9","11624"
"output\metamodel\use_case_A_goal.md","BE70DC01A8CB2BD511022672CFF1C6467BF69F5671BA970D3B802483FDF6C62F","5599"
"output\metamodel\use_case_A_indirect_modelability.md","95309DD47F5185D22B3EA6064B1B55C4449B8C1FB72ADA4165868585C03EAB4C","13440"
"output\metamodel\use_case_A_invariant_check.md","CCFC616F237DC7C21A1C393F2BAC3150623A3FA3C18E565DD52154FBA0A132DD","9222"
"output\metamodel\use_case_A_main_scenario_steps.md","1801B1D8C97C4655E5207746485708A2F3407466BDD099C019ADAF1EFED8B3DA","4144"
"output\metamodel\use_case_A_main_use_case.md","95030486B5FEC6938B8202D6B8C257EC5B31F6A60FE63D89FE9E385C143F18AD","4437"
"output\metamodel\use_case_A_non_modelable_gaps.md","205D7A6C3D8E9C9DD87297438D5EE1C82C4180B0BAFA2D47D3C996DBDF44B6F3","9514"
"output\metamodel\use_case_A_parallelism_decision.md","313455CE7D3458D68A92A62FEA8B7A3A82D0627DD499C18083FDF630D72EC7F3","5425"
"output\metamodel\use_case_A_postconditions.md","5E6DCE7164526CCD5849992619EB4521260948B770C9024389167469ECC30171","8597"
"output\metamodel\use_case_A_preconditions.md","914A38100D19908EDE9A31999FB51457A5DABCE0D83C382DB472F699E495B037","8123"
"output\metamodel\use_case_A_purpose.md","EF3FC28E5EA84DB81B208F2252DC6122975A483C5AF51F628CEA9BBFF84E4811","1721"
"output\metamodel\use_case_A_requirements.md","51D68055AD402AEE4C12CD5D39B2B56B2AB80910EAAA3DE3E33BC7650DC29BCF","7359"
"output\metamodel\use_case_A_runtime_action_instances.md","46A423168A6F2604200E20BFCB17CEEEBCAB7391BC8C718BE90FA25C50B7A360","9377"
"output\metamodel\use_case_A_runtime_binding_instances.md","D40656BB00A6F632514F0BDB7BC0EDEE9F0F41E4A19D0A779829505A13490637","7365"
"output\metamodel\use_case_A_satisfy_relationships.md","9D8FEF620E866083D6AF8D0724A88BDEA19FBC47AE32CB8FCB658D207FE1F076","7018"
"output\metamodel\use_case_A_scenario_instances.md","B3A19802866026F7D167D89308314464811664F1819117C35874A707342DB0C1","7811"
"output\metamodel\use_case_A_scenario_step_instances.md","975EF6282B468DC9440B476F714A1A0B1F2B40A3419B9302B425588ED660584B","7060"
"output\metamodel\use_case_A_scene_objects.md","22F112573154EF2FD04BF1EC8225964366D2D46C28B7E2BB6AE32CD9DF1A0522","6055"
"output\metamodel\use_case_A_scope.md","57A5A373176AD9590FC2DDCA5FFA39EAAA3AB40004427BF499D0603BB0C87DB3","6557"
"output\metamodel\use_case_A_state_assertion_instances.md","6C14C32E4F9AB4E2661A2535AC58E874FD38F233116325A4DC3E25F86F10C580","9529"
"output\metamodel\use_case_A_step_events.md","C6B0F6DF5E5F10763F31E2DC12A8D94EC34EC4DB839C9ACCA4EA6BAF651AE671","6510"
"output\metamodel\use_case_A_step_guards.md","8FCB435FD41A651985C567B8D89733A4BB9CBF36B85AF3471B7A4542F70778F4","5960"
"output\metamodel\use_case_A_step_kinds.md","99551E710D076F9A59CC5079731CD46D67EB3804E972C6295E5BA0C8C45213A5","5800"
"output\metamodel\use_case_A_step_relations.md","EDCDB8F76CF0CBE84FD2F7ECD8DA9AC4FB2BCFE2D66BDE8E82D356006AC5A29D","4638"
"output\metamodel\use_case_A_step_state_assertions.md","2F86A7CCD1A2CC31B15779E6039F0872B221585139EC7F18803643E6C63E943E","6035"
"output\metamodel\use_case_A_usecase_instance.md","14DB63A9653161CFC35413AA3B6EDA6E5A1874183B4BC6B13EDE48E775A96BAB","4971"
"output\metamodel\use_case_A_validation_case_instances.md","311532E1D978DFF096F76F3E6C37BC854AC8D19A8F66484B071D75C99E8887B5","9952"
"output\metamodel\use_case_B_actor_agent_mapping.md","9435591FF5C65BC44D7D4B5A004403EE67A26F7D4F15D9D20CC4B553023A6473","8751"
"output\metamodel\use_case_B_alternative_scenario.md","D602C5B8D68CCBF75190F0B807694195519370A8756E9F93BA920C0B80F73DFF","7752"
"output\metamodel\use_case_B_capability_instances.md","F141C619EEC467537EC19B4E53713E36FDDE2EEF2FAE5E1B21C8348C2FFF1DA4","14454"
"output\metamodel\use_case_B_capability_use_instances.md","A60A82730939DCFCB24BF610088A41C9257ADFBE855F84250B53669AA4E15495","8630"
"output\metamodel\use_case_B_cardinality_invariant_check.md","467951B1602C331839406439200E957A8FE7477610663FAD5A7C88A1CDCCF924","17886"
"output\metamodel\use_case_B_coffee_machine_classification.md","433D55A34F3E47CE3165DCE8A15AE5794A9C0559596A1B1323E98522F9E5A2B9","8155"
"output\metamodel\use_case_B_coffee_machine_entity.md","2E8E5CA792464DDBF73E15E5A0EEE3EAD6A3275E969B93740CDC474707AF2066","10263"
"output\metamodel\use_case_B_coffee_machine_states.md","BA19523AE4EA45B099F699430CA079EA8B6CA32CF3EB76423682D75EB2158FEF","9674"
"output\metamodel\use_case_B_conditions.md","95E0BF35B558FBA1CEBE603EDC11A1CB8A2D88AEBD5BB45CF9AE00B6922ECE1A","13604"
"output\metamodel\use_case_B_direct_modelability.md","549C15A862281B734B00248CC3D46B905CDEE4429FC20FD9603C65DCC88C99E2","15089"
"output\metamodel\use_case_B_error_exception_cases.md","1343E69AD8FE643047813F6D537B2CEF30BAABBB28768D62E745CAD7E1013CD9","10497"
"output\metamodel\use_case_B_event_condition_state_assertion_instances.md","61DB1E3ED3DFEFE05EF4099669D31E754C6D835675862D131ECE3418AD8A12CE","23045"
"output\metamodel\use_case_B_events.md","5E65AF50DA510E2C2B6D0172F40F73B27D953FEA80ADF2DCE482029D77A9A2A0","11825"
"output\metamodel\use_case_B_exception_scenario.md","FB8A6E045965ADF964E06BBD609200306FE553BA1391E917232FEDA1FC08E4B3","8695"
"output\metamodel\use_case_B_gap_decision_matrix.md","1EA8A7C6937C8CEB44BFF464C709D1EF168F677580AEF3CCFF173107A0D80248","19280"
"output\metamodel\use_case_B_include_extend_decision.md","5BD83EF6B230A6691C2928DA418B85485A45A7D245BF6560176D002EC41CF49E","10952"
"output\metamodel\use_case_B_indirect_modelability.md","C4B211B0BB94E7CBEADEAB6CD5CF477CF46B26A4A28D0855E557FFA2B20EFE63","19030"
"output\metamodel\use_case_B_interaction_actions.md","F46CDEB9AFFF506E29DCCF0293FE1C119AD3D7B88ED0CBC3D49CF702D4FEDC19","8984"
"output\metamodel\use_case_B_main_scenario_steps.md","F7EB7AFF5F900610E81626F8DF3C638B1D983034F9B22142414A664C670DBA5D","6192"
"output\metamodel\use_case_B_main_use_case.md","98B18DB311500ABBA57404C59E567E0574A62549F2CDF9E088F17C2E9D97F753","4658"
"output\metamodel\use_case_B_non_modelable_gaps.md","B20E1894A8529B7942A671620A83DED907BAB2C33CB10326CB4C88BC9A315F8A","14379"
"output\metamodel\use_case_B_preconditions.md","358F6F3EFCDBFC6FEF02268D5ED98C8F7ADF1875ACA9680E6739BC4705848760","8939"
"output\metamodel\use_case_B_purpose.md","46890B9A35A1895BBEC1E2D9B966A5392BE990B954990A358188332EFC65E516","2036"
"output\metamodel\use_case_B_requirements.md","5456D23225EAA96D276D5382D0AFECA7945E4326D569C40AD21E1ACC61B1E6BF","10221"
"output\metamodel\use_case_B_runtime_action_instances.md","90A0120CFF44EEAFF37C3D537C60F740A76E4FD1E7475FF71C81BB796D008243","26749"
"output\metamodel\use_case_B_runtime_binding_instances.md","FAFEE51F9351CF23A698F211973205C8A6BEB998F63F2CCA7CF8615E9C6FC217","15853"
"output\metamodel\use_case_B_scenario_instances.md","9B06FB6C29EEED3D3B9758FF712CB207215BF5CC8B67C5DA2081B98EB7F7E6E1","9254"
"output\metamodel\use_case_B_scenario_step_instances.md","6947CD57951170A3313D0FB1A25BA59409A2DDD59DF48C8F77A5A5AFB743ABF0","13665"
"output\metamodel\use_case_B_scope.md","EAEF13F292418213FB7BB2018FCE70D26084388C26BAE90D93CAEC641056971F","9699"
"output\metamodel\use_case_B_state_assertions.md","14A0358DC0141CD4CB8BD8E6401778A1ED9E47A87E1EDE8538C4811E6D02B5CF","12783"
"output\metamodel\use_case_B_step_kinds.md","E98051F7FF0953959F2A9CB695E317FEF6CB20EE08244CF62B73BA0F3FCF0ECD","7220"
"output\metamodel\use_case_B_step_relations.md","67E45B8E93971ECED5C1DBF3B8D73CF685480FEB0580617606D7E6100D29A138","13258"
"output\metamodel\use_case_B_usecase_instance.md","542E387E0560576E51FBFEDE64D66641D000A37A37C29EAC4B94FA22927D0974","9460"
"output\metamodel\use_case_B_validation_case_instances.md","B7400703DC2B6EFC2343DC786ED6A8C72097BE9774A4FC638CCA1D8022AE8C36","16383"
"output\metamodel\use_case_B_vivian_classification.md","C3738DF72BEFC4256C3D5214FDAD4FEBBB66A04E88E73C1061758C78FE816E79","6163"
"output\metamodel\visual_inspection_report_13_6.md","DA04727E2274221CCCF55A6795939234DF8AB2848EC738A2F79BF72B89478AC7","2910"
"output\metamodel\written_elaboration_de.md","263C523C78A8DB29D92FDA172CB51C2696106290012E706744B78BBE6CAFE6DB","91358"
"tools\generate_dynamic_functional_mlds.py","6EDE2CC6C3F2206293670B4D4A5D2C2563DF2F1C3EC6A812127357E2B19E708F","48386"
